<Example: void <init>()>/this#_0	this#_
<Example: void main(java.lang.String[])>/count#_8	count#_
<Example: void main(java.lang.String[])>/$stack4	$stack
<Example: void main(java.lang.String[])>/$stack5	$stack
<Example: void main(java.lang.String[])>/$stack6	$stack
<Example: void main(java.lang.String[])>/$stack7	$stack
<Example: void main(java.lang.String[])>/$stack8	$stack
<Example: void main(java.lang.String[])>/args#_0	args#_
<Example: void main(java.lang.String[])>/sum_$$A_1#_7	sum_$$A_1#_
<Example: void main(java.lang.String[])>/i_$$A_1#_9	i_$$A_1#_
<Example: void main(java.lang.String[])>/i_$$A_1_$$A_1#_10	i_$$A_1_$$A_1#_1
<Example: void main(java.lang.String[])>/i_$$A_1_$$A_1#_10	i_$$A_1_$$A_1#_
<Example: void main(java.lang.String[])>/sum_$$A_1_$$A_2#_11	sum_$$A_1_$$A_2#_1
<Example: void main(java.lang.String[])>/sum_$$A_1_$$A_2#_11	sum_$$A_1_$$A_2#_
<Example: void main(java.lang.String[])>/sum_$$A_1_$$A_3#_13	sum_$$A_1_$$A_3#_1
<Example: void main(java.lang.String[])>/sum_$$A_1_$$A_3#_13	sum_$$A_1_$$A_3#_
<Example: void main(java.lang.String[])>/sum_$$A_1_$$A_4#_14	sum_$$A_1_$$A_4#_1
<Example: void main(java.lang.String[])>/sum_$$A_1_$$A_4#_14	sum_$$A_1_$$A_4#_
<Example: void main(java.lang.String[])>/i_$$A_1_$$A_2#_9	i_$$A_1_$$A_2#_
<Example: void main(java.lang.String[])>/i_$$A_1_$$A_3#_17	i_$$A_1_$$A_3#_1
<Example: void main(java.lang.String[])>/i_$$A_1_$$A_3#_17	i_$$A_1_$$A_3#_
<Example: int add(int,int)>/a#_0	a#_
<Example: int add(int,int)>/b#_0	b#_
<Example: int add(int,int)>/$stack2	$stack
