<Example: void main(java.lang.String[])>/sum_$$A_1_$$A_1#_10	<Example: void main(java.lang.String[])>/i_$$A_1_$$A_3#_18
<Example: void main(java.lang.String[])>/sum_$$A_1_$$A_1#_10	<Example: int add(int,int)>/@parameter0
<Example: void main(java.lang.String[])>/i_$$A_1_$$A_1#_10	<Example: void main(java.lang.String[])>/i_$$A_1_$$A_2#_9
<Example: void main(java.lang.String[])>/i_$$A_1_$$A_1#_10	<Example: void main(java.lang.String[])>/$stack7
<Example: void main(java.lang.String[])>/i_$$A_1_$$A_1#_10	<Example: int add(int,int)>/@parameter1
<Example: void main(java.lang.String[])>/i_$$A_1_$$A_2#_9	<Example: void main(java.lang.String[])>/i_$$A_1_$$A_1#_10
<Example: int add(int,int)>/$stack2	<Example: void main(java.lang.String[])>/$stack8
<Example: int add(int,int)>/$stack2	<Example: void main(java.lang.String[])>/$stack5
<Example: void main(java.lang.String[])>/sum_$$A_1_$$A_4#_15	<Example: void main(java.lang.String[])>/sum_$$A_1_$$A_1#_10
<Example: void main(java.lang.String[])>/sum_$$A_1_$$A_2#_12	<Example: void main(java.lang.String[])>/sum_$$A_1_$$A_4#_15
<Example: void main(java.lang.String[])>/sum_$$A_1_$$A_3#_14	<Example: void main(java.lang.String[])>/sum_$$A_1_$$A_4#_15
<Example: int add(int,int)>/a#_0	<Example: int add(int,int)>/$stack2
<Example: int add(int,int)>/b#_0	<Example: int add(int,int)>/$stack2
<Example: void main(java.lang.String[])>/i_$$A_1#_9	<Example: void main(java.lang.String[])>/i_$$A_1_$$A_1#_10
<Example: void main(java.lang.String[])>/sum_$$A_1#_8	<Example: void main(java.lang.String[])>/sum_$$A_1_$$A_1#_10
<Example: void main(java.lang.String[])>/c#_7	<Example: void main(java.lang.String[])>/$stack6
<Example: void main(java.lang.String[])>/$stack4	<Example: int add(int,int)>/@parameter1
<Example: int add(int,int)>/@parameter0	<Example: int add(int,int)>/a#_0
<Example: int add(int,int)>/@parameter1	<Example: int add(int,int)>/b#_0
<Example: void main(java.lang.String[])>/$stack8	<Example: void main(java.lang.String[])>/sum_$$A_1_$$A_2#_12
<Example: void main(java.lang.String[])>/$stack5	<Example: void main(java.lang.String[])>/sum_$$A_1_$$A_3#_14
